"Z-Score","Cumulative Probability P(Z≤z)","Right Tail P(Z>z)","Percentile (%)","Two-Tail Confidence"
0,0.5,0.5000,50.00,-
0.01,0.504,0.4960,50.40,0.8%
0.02,0.508,0.4920,50.80,1.6%
0.03,0.512,0.4880,51.20,2.4%
0.04,0.516,0.4840,51.60,3.2%
0.05,0.5199,0.4801,51.99,4.0%
0.06,0.5239,0.4761,52.39,4.8%
0.07,0.5279,0.4721,52.79,5.6%
0.08,0.5319,0.4681,53.19,6.4%
0.09,0.5359,0.4641,53.59,7.2%
0.1,0.5398,0.4602,53.98,8.0%
0.11,0.5438,0.4562,54.38,8.8%
0.12,0.5478,0.4522,54.78,9.6%
0.13,0.5517,0.4483,55.17,10.3%
0.14,0.5557,0.4443,55.57,11.1%
0.15,0.5596,0.4404,55.96,11.9%
0.16,0.5636,0.4364,56.36,12.7%
0.17,0.5675,0.4325,56.75,13.5%
0.18,0.5714,0.4286,57.14,14.3%
0.19,0.5753,0.4247,57.53,15.1%
0.2,0.5793,0.4207,57.93,15.9%
0.21,0.5832,0.4168,58.32,16.6%
0.22,0.5871,0.4129,58.71,17.4%
0.23,0.591,0.4090,59.10,18.2%
0.24,0.5948,0.4052,59.48,19.0%
0.25,0.5987,0.4013,59.87,19.7%
0.26,0.6026,0.3974,60.26,20.5%
0.27,0.6064,0.3936,60.64,21.3%
0.28,0.6103,0.3897,61.03,22.1%
0.29,0.6141,0.3859,61.41,22.8%
0.3,0.6179,0.3821,61.79,23.6%
0.31,0.6217,0.3783,62.17,24.3%
0.32,0.6255,0.3745,62.55,25.1%
0.33,0.6293,0.3707,62.93,25.9%
0.34,0.6331,0.3669,63.31,26.6%
0.35,0.6368,0.3632,63.68,27.4%
0.36,0.6406,0.3594,64.06,28.1%
0.37,0.6443,0.3557,64.43,28.9%
0.38,0.648,0.3520,64.80,29.6%
0.39,0.6517,0.3483,65.17,30.3%
0.4,0.6554,0.3446,65.54,31.1%
0.41,0.6591,0.3409,65.91,31.8%
0.42,0.6628,0.3372,66.28,32.6%
0.43,0.6664,0.3336,66.64,33.3%
0.44,0.67,0.3300,67.00,34.0%
0.45,0.6736,0.3264,67.36,34.7%
0.46,0.6772,0.3228,67.72,35.4%
0.47,0.6808,0.3192,68.08,36.2%
0.48,0.6844,0.3156,68.44,36.9%
0.49,0.6879,0.3121,68.79,37.6%
0.5,0.6915,0.3085,69.15,38.3%
0.51,0.695,0.3050,69.50,39.0%
0.52,0.6985,0.3015,69.85,39.7%
0.53,0.7019,0.2981,70.19,40.4%
0.54,0.7054,0.2946,70.54,41.1%
0.55,0.7088,0.2912,70.88,41.8%
0.56,0.7123,0.2877,71.23,42.5%
0.57,0.7157,0.2843,71.57,43.1%
0.58,0.719,0.2810,71.90,43.8%
0.59,0.7224,0.2776,72.24,44.5%
0.6,0.7257,0.2743,72.57,45.1%
0.61,0.7291,0.2709,72.91,45.8%
0.62,0.7324,0.2676,73.24,46.5%
0.63,0.7357,0.2643,73.57,47.1%
0.64,0.7389,0.2611,73.89,47.8%
0.65,0.7422,0.2578,74.22,48.4%
0.66,0.7454,0.2546,74.54,49.1%
0.67,0.7486,0.2514,74.86,49.7%
0.68,0.7517,0.2483,75.17,50.3%
0.69,0.7549,0.2451,75.49,51.0%
0.7,0.758,0.2420,75.80,51.6%
0.71,0.7611,0.2389,76.11,52.2%
0.72,0.7642,0.2358,76.42,52.8%
0.73,0.7673,0.2327,76.73,53.5%
0.74,0.7704,0.2296,77.04,54.1%
0.75,0.7734,0.2266,77.34,54.7%
0.76,0.7764,0.2236,77.64,55.3%
0.77,0.7794,0.2206,77.94,55.9%
0.78,0.7823,0.2177,78.23,56.5%
0.79,0.7852,0.2148,78.52,57.0%
0.8,0.7881,0.2119,78.81,57.6%
0.81,0.791,0.2090,79.10,58.2%
0.82,0.7939,0.2061,79.39,58.8%
0.83,0.7967,0.2033,79.67,59.3%
0.84,0.7995,0.2005,79.95,59.9%
0.85,0.8023,0.1977,80.23,60.5%
0.86,0.8051,0.1949,80.51,61.0%
0.87,0.8078,0.1922,80.78,61.6%
0.88,0.8106,0.1894,81.06,62.1%
0.89,0.8133,0.1867,81.33,62.7%
0.9,0.8159,0.1841,81.59,63.2%
0.91,0.8186,0.1814,81.86,63.7%
0.92,0.8212,0.1788,82.12,64.2%
0.93,0.8238,0.1762,82.38,64.8%
0.94,0.8264,0.1736,82.64,65.3%
0.95,0.8289,0.1711,82.89,65.8%
0.96,0.8315,0.1685,83.15,66.3%
0.97,0.834,0.1660,83.40,66.8%
0.98,0.8365,0.1635,83.65,67.3%
0.99,0.8389,0.1611,83.89,67.8%
1,0.8413,0.1587,84.13,68.3%
1.01,0.8438,0.1562,84.38,68.8%
1.02,0.8461,0.1539,84.61,69.2%
1.03,0.8485,0.1515,84.85,69.7%
1.04,0.8508,0.1492,85.08,70.2%
1.05,0.8531,0.1469,85.31,70.6%
1.06,0.8554,0.1446,85.54,71.1%
1.07,0.8577,0.1423,85.77,71.5%
1.08,0.8599,0.1401,85.99,72.0%
1.09,0.8621,0.1379,86.21,72.4%
1.1,0.8643,0.1357,86.43,72.9%
1.11,0.8665,0.1335,86.65,73.3%
1.12,0.8686,0.1314,86.86,73.7%
1.13,0.8708,0.1292,87.08,74.2%
1.14,0.8729,0.1271,87.29,74.6%
1.15,0.8749,0.1251,87.49,75.0%
1.16,0.877,0.1230,87.70,75.4%
1.17,0.879,0.1210,87.90,75.8%
1.18,0.881,0.1190,88.10,76.2%
1.19,0.883,0.1170,88.30,76.6%
1.2,0.8849,0.1151,88.49,77.0%
1.21,0.8869,0.1131,88.69,77.4%
1.22,0.8888,0.1112,88.88,77.8%
1.23,0.8907,0.1093,89.07,78.1%
1.24,0.8925,0.1075,89.25,78.5%
1.25,0.8944,0.1056,89.44,78.9%
1.26,0.8962,0.1038,89.62,79.2%
1.27,0.898,0.1020,89.80,79.6%
1.28,0.8997,0.1003,89.97,79.9%
1.29,0.9015,0.0985,90.15,80.3%
1.3,0.9032,0.0968,90.32,80.6%
1.31,0.9049,0.0951,90.49,81.0%
1.32,0.9066,0.0934,90.66,81.3%
1.33,0.9082,0.0918,90.82,81.6%
1.34,0.9099,0.0901,90.99,82.0%
1.35,0.9115,0.0885,91.15,82.3%
1.36,0.9131,0.0869,91.31,82.6%
1.37,0.9147,0.0853,91.47,82.9%
1.38,0.9162,0.0838,91.62,83.2%
1.39,0.9177,0.0823,91.77,83.5%
1.4,0.9192,0.0808,91.92,83.8%
1.41,0.9207,0.0793,92.07,84.1%
1.42,0.9222,0.0778,92.22,84.4%
1.43,0.9236,0.0764,92.36,84.7%
1.44,0.9251,0.0749,92.51,85.0%
1.45,0.9265,0.0735,92.65,85.3%
1.46,0.9279,0.0721,92.79,85.6%
1.47,0.9292,0.0708,92.92,85.8%
1.48,0.9306,0.0694,93.06,86.1%
1.49,0.9319,0.0681,93.19,86.4%
1.5,0.9332,0.0668,93.32,86.6%
1.51,0.9345,0.0655,93.45,86.9%
1.52,0.9357,0.0643,93.57,87.1%
1.53,0.937,0.0630,93.70,87.4%
1.54,0.9382,0.0618,93.82,87.6%
1.55,0.9394,0.0606,93.94,87.9%
1.56,0.9406,0.0594,94.06,88.1%
1.57,0.9418,0.0582,94.18,88.4%
1.58,0.9429,0.0571,94.29,88.6%
1.59,0.9441,0.0559,94.41,88.8%
1.6,0.9452,0.0548,94.52,89.0%
1.61,0.9463,0.0537,94.63,89.3%
1.62,0.9474,0.0526,94.74,89.5%
1.63,0.9484,0.0516,94.84,89.7%
1.64,0.9495,0.0505,94.95,89.9%
1.65,0.9505,0.0495,95.05,90.1%
1.66,0.9515,0.0485,95.15,90.3%
1.67,0.9525,0.0475,95.25,90.5%
1.68,0.9535,0.0465,95.35,90.7%
1.69,0.9545,0.0455,95.45,90.9%
1.7,0.9554,0.0446,95.54,91.1%
1.71,0.9564,0.0436,95.64,91.3%
1.72,0.9573,0.0427,95.73,91.5%
1.73,0.9582,0.0418,95.82,91.6%
1.74,0.9591,0.0409,95.91,91.8%
1.75,0.9599,0.0401,95.99,92.0%
1.76,0.9608,0.0392,96.08,92.2%
1.77,0.9616,0.0384,96.16,92.3%
1.78,0.9625,0.0375,96.25,92.5%
1.79,0.9633,0.0367,96.33,92.7%
1.8,0.9641,0.0359,96.41,92.8%
1.81,0.9649,0.0351,96.49,93.0%
1.82,0.9656,0.0344,96.56,93.1%
1.83,0.9664,0.0336,96.64,93.3%
1.84,0.9671,0.0329,96.71,93.4%
1.85,0.9678,0.0322,96.78,93.6%
1.86,0.9686,0.0314,96.86,93.7%
1.87,0.9693,0.0307,96.93,93.9%
1.88,0.9699,0.0301,96.99,94.0%
1.89,0.9706,0.0294,97.06,94.1%
1.9,0.9713,0.0287,97.13,94.3%
1.91,0.9719,0.0281,97.19,94.4%
1.92,0.9726,0.0274,97.26,94.5%
1.93,0.9732,0.0268,97.32,94.6%
1.94,0.9738,0.0262,97.38,94.8%
1.95,0.9744,0.0256,97.44,94.9%
1.96,0.975,0.0250,97.50,95.0%
1.97,0.9756,0.0244,97.56,-
1.98,0.9761,0.0239,97.61,-
1.99,0.9767,0.0233,97.67,-
2,0.9772,0.0228,97.72,-
2.01,0.9778,0.0222,97.78,-
2.02,0.9783,0.0217,97.83,-
2.03,0.9788,0.0212,97.88,-
2.04,0.9793,0.0207,97.93,-
2.05,0.9798,0.0202,97.98,-
2.06,0.9803,0.0197,98.03,-
2.07,0.9808,0.0192,98.08,-
2.08,0.9812,0.0188,98.12,-
2.09,0.9817,0.0183,98.17,-
2.1,0.9821,0.0179,98.21,-
2.11,0.9826,0.0174,98.26,-
2.12,0.983,0.0170,98.30,-
2.13,0.9834,0.0166,98.34,-
2.14,0.9838,0.0162,98.38,-
2.15,0.9842,0.0158,98.42,-
2.16,0.9846,0.0154,98.46,-
2.17,0.985,0.0150,98.50,-
2.18,0.9854,0.0146,98.54,-
2.19,0.9857,0.0143,98.57,-
2.2,0.9861,0.0139,98.61,-
2.21,0.9864,0.0136,98.64,-
2.22,0.9868,0.0132,98.68,-
2.23,0.9871,0.0129,98.71,-
2.24,0.9875,0.0125,98.75,-
2.25,0.9878,0.0122,98.78,-
2.26,0.9881,0.0119,98.81,-
2.27,0.9884,0.0116,98.84,-
2.28,0.9887,0.0113,98.87,-
2.29,0.989,0.0110,98.90,-
2.3,0.9893,0.0107,98.93,-
2.31,0.9896,0.0104,98.96,-
2.32,0.9898,0.0102,98.98,-
2.33,0.9901,0.0099,99.01,-
2.34,0.9904,0.0096,99.04,-
2.35,0.9906,0.0094,99.06,-
2.36,0.9909,0.0091,99.09,-
2.37,0.9911,0.0089,99.11,-
2.38,0.9913,0.0087,99.13,-
2.39,0.9916,0.0084,99.16,-
2.4,0.9918,0.0082,99.18,-
2.41,0.992,0.0080,99.20,-
2.42,0.9922,0.0078,99.22,-
2.43,0.9925,0.0075,99.25,-
2.44,0.9927,0.0073,99.27,-
2.45,0.9929,0.0071,99.29,-
2.46,0.9931,0.0069,99.31,-
2.47,0.9932,0.0068,99.32,-
2.48,0.9934,0.0066,99.34,-
2.49,0.9936,0.0064,99.36,-
2.5,0.9938,0.0062,99.38,-
2.51,0.994,0.0060,99.40,-
2.52,0.9941,0.0059,99.41,-
2.53,0.9943,0.0057,99.43,-
2.54,0.9945,0.0055,99.45,-
2.55,0.9946,0.0054,99.46,-
2.56,0.9948,0.0052,99.48,-
2.57,0.9949,0.0051,99.49,-
2.58,0.9951,0.0049,99.51,99%
2.59,0.9952,0.0048,99.52,-
2.6,0.9953,0.0047,99.53,-
2.61,0.9955,0.0045,99.55,-
2.62,0.9956,0.0044,99.56,-
2.63,0.9957,0.0043,99.57,-
2.64,0.9959,0.0041,99.59,-
2.65,0.996,0.0040,99.60,-
2.66,0.9961,0.0039,99.61,-
2.67,0.9962,0.0038,99.62,-
2.68,0.9963,0.0037,99.63,-
2.69,0.9964,0.0036,99.64,-
2.7,0.9965,0.0035,99.65,-
2.71,0.9966,0.0034,99.66,-
2.72,0.9967,0.0033,99.67,-
2.73,0.9968,0.0032,99.68,-
2.74,0.9969,0.0031,99.69,-
2.75,0.997,0.0030,99.70,-
2.76,0.9971,0.0029,99.71,-
2.77,0.9972,0.0028,99.72,-
2.78,0.9973,0.0027,99.73,-
2.79,0.9974,0.0026,99.74,-
2.8,0.9974,0.0026,99.74,-
2.81,0.9975,0.0025,99.75,-
2.82,0.9976,0.0024,99.76,-
2.83,0.9977,0.0023,99.77,-
2.84,0.9977,0.0023,99.77,-
2.85,0.9978,0.0022,99.78,-
2.86,0.9979,0.0021,99.79,-
2.87,0.9979,0.0021,99.79,-
2.88,0.998,0.0020,99.80,-
2.89,0.9981,0.0019,99.81,-
2.9,0.9981,0.0019,99.81,-
2.91,0.9982,0.0018,99.82,-
2.92,0.9982,0.0018,99.82,-
2.93,0.9983,0.0017,99.83,-
2.94,0.9984,0.0016,99.84,-
2.95,0.9984,0.0016,99.84,-
2.96,0.9985,0.0015,99.85,-
2.97,0.9985,0.0015,99.85,-
2.98,0.9986,0.0014,99.86,-
2.99,0.9986,0.0014,99.86,-
3,0.9987,0.0013,99.87,-
3.1,0.999,0.0010,99.90,-
3.2,0.9993,0.0007,99.93,-
3.3,0.9995,0.0005,99.95,-
3.4,0.9997,0.0003,99.97,-
3.5,0.9998,0.0002,99.98,-
3.6,0.9998,0.0002,99.98,-
3.7,0.9999,0.0001,99.99,-
3.8,0.9999,0.0001,99.99,-
3.9,1,0.0000,100.00,-
